pos,tier,pos_rank,player,team,raw_adp,risk,upside,draft_tag,tag_reason,threshold_note,player_note,source
QB,T1 Elite QB Edge,1,Josh Allen,Buffalo Bills,30.4,2,5,MY_GUY,QB edge,OK near ADP,Rushing and TD equity keep him top QB even in 4-point passing TD.,"Sharp Underdog ADP; blended with FantasyPros cheat sheet structure, Fantasy Footballers tiered-cheat-sheet style, Fantasy Life rookie notes."
QB,T1 Elite QB Edge,2,Lamar Jackson,Baltimore Ravens,53.2,3,5,MY_GUY,QB edge,OK near ADP,Elite weekly ceiling; still best when you want to win QB points outright.,"Sharp Underdog ADP; blended with FantasyPros cheat sheet structure, Fantasy Footballers tiered-cheat-sheet style, Fantasy Life rookie notes."
QB,T1 Elite QB Edge,3,Joe Burrow,Cincinnati Bengals,62.9,3,5,NEUTRAL,6pt boost,,Gets a meaningful bump in 6-point passing TD leagues.,"Sharp Underdog ADP; blended with FantasyPros cheat sheet structure, Fantasy Footballers tiered-cheat-sheet style, Fantasy Life rookie notes."
QB,T1 Elite QB Edge,4,Jayden Daniels,Washington Commanders,64.4,3,5,MY_GUY,QB edge,OK near ADP,Rushing floor plus year-to-year pass growth upside.,"Sharp Underdog ADP; blended with FantasyPros cheat sheet structure, Fantasy Footballers tiered-cheat-sheet style, Fantasy Life rookie notes."
QB,T1 Elite QB Edge,5,Jalen Hurts,Philadelphia Eagles,68.9,3,5,MY_GUY,QB edge,OK near ADP,Goal-line rushing keeps him in elite QB tier despite passing-volume variance.,"Sharp Underdog ADP; blended with FantasyPros cheat sheet structure, Fantasy Footballers tiered-cheat-sheet style, Fantasy Life rookie notes."
QB,T2 Upside QB1,6,Caleb Williams,Chicago Bears,70.6,3,4,MY_GUY,Target,OK near ADP,Late QB1 tier; pair format/rushing/6pt passing TD fit.,"Sharp Underdog ADP; blended with FantasyPros cheat sheet structure, Fantasy Footballers tiered-cheat-sheet style, Fantasy Life rookie notes."
QB,T2 Upside QB1,7,Drake Maye,New England Patriots,70.9,3,4,MY_GUY,Target,OK near ADP,Late QB1 tier; pair format/rushing/6pt passing TD fit.,"Sharp Underdog ADP; blended with FantasyPros cheat sheet structure, Fantasy Footballers tiered-cheat-sheet style, Fantasy Life rookie notes."
QB,T2 Upside QB1,8,Dak Prescott,Dallas Cowboys,79,3,4,MY_GUY,Target,OK near ADP,Late QB1 tier; pair format/rushing/6pt passing TD fit.,"Sharp Underdog ADP; blended with FantasyPros cheat sheet structure, Fantasy Footballers tiered-cheat-sheet style, Fantasy Life rookie notes."
QB,T2 Upside QB1,9,Trevor Lawrence,Jacksonville Jaguars,83.9,3,4,MY_GUY,Target,OK near ADP,Late QB1 tier; pair format/rushing/6pt passing TD fit.,"Sharp Underdog ADP; blended with FantasyPros cheat sheet structure, Fantasy Footballers tiered-cheat-sheet style, Fantasy Life rookie notes."
QB,T2 Upside QB1,10,Justin Herbert,Los Angeles Chargers,87.1,3,4,NEUTRAL,6pt boost,,Better in 6-point passing TD scoring; less rushing insulation than top dual-threat QBs.,"Sharp Underdog ADP; blended with FantasyPros cheat sheet structure, Fantasy Footballers tiered-cheat-sheet style, Fantasy Life rookie notes."
QB,T3 Late QB1 Plateau,11,Jaxson Dart,New York Giants,88.4,4,4,WATCH,Rookie,Monitor news,Rookie/young QB: more matchup or 2QB value than 1QB priority.,"Sharp Underdog ADP; blended with FantasyPros cheat sheet structure, Fantasy Footballers tiered-cheat-sheet style, Fantasy Life rookie notes."
QB,T3 Late QB1 Plateau,12,Patrick Mahomes,Kansas City Chiefs,93.8,3,3,NEUTRAL,6pt boost,,"6-point passing TD format helps, but regular-season fantasy ceiling has trailed reputation.","Sharp Underdog ADP; blended with FantasyPros cheat sheet structure, Fantasy Footballers tiered-cheat-sheet style, Fantasy Life rookie notes."
QB,T3 Late QB1 Plateau,13,Bo Nix,Denver Broncos,97.9,3,3,NEUTRAL,Fair,,Late QB1 tier; pair format/rushing/6pt passing TD fit.,"Sharp Underdog ADP; blended with FantasyPros cheat sheet structure, Fantasy Footballers tiered-cheat-sheet style, Fantasy Life rookie notes."
QB,T3 Late QB1 Plateau,14,Brock Purdy,San Francisco 49ers,98,3,3,NEUTRAL,Fair,,Late QB1 tier; pair format/rushing/6pt passing TD fit.,"Sharp Underdog ADP; blended with FantasyPros cheat sheet structure, Fantasy Footballers tiered-cheat-sheet style, Fantasy Life rookie notes."
QB,T3 Late QB1 Plateau,15,Matthew Stafford,Los Angeles Rams,103.2,3,3,NEUTRAL,Fair,,Late QB1 tier; pair format/rushing/6pt passing TD fit.,"Sharp Underdog ADP; blended with FantasyPros cheat sheet structure, Fantasy Footballers tiered-cheat-sheet style, Fantasy Life rookie notes."
QB,T3 Late QB1 Plateau,16,Jared Goff,Detroit Lions,104.2,3,3,NEUTRAL,Fair,,Late QB1 tier; pair format/rushing/6pt passing TD fit.,"Sharp Underdog ADP; blended with FantasyPros cheat sheet structure, Fantasy Footballers tiered-cheat-sheet style, Fantasy Life rookie notes."
QB,T3 Late QB1 Plateau,17,Kyler Murray,Minnesota Vikings,105.8,3,3,NEUTRAL,Fair,,Late QB1 tier; pair format/rushing/6pt passing TD fit.,"Sharp Underdog ADP; blended with FantasyPros cheat sheet structure, Fantasy Footballers tiered-cheat-sheet style, Fantasy Life rookie notes."
QB,T3 Late QB1 Plateau,18,Jordan Love,Green Bay Packers,107,3,3,NEUTRAL,Fair,,Late QB1 tier; pair format/rushing/6pt passing TD fit.,"Sharp Underdog ADP; blended with FantasyPros cheat sheet structure, Fantasy Footballers tiered-cheat-sheet style, Fantasy Life rookie notes."
QB,T4 Stream/Pair,19,Baker Mayfield,Tampa Bay Buccaneers,114.2,3,2,NEUTRAL,Streamer,,Streamer/bench option; not a priority in shallow 1QB.,"Sharp Underdog ADP; blended with FantasyPros cheat sheet structure, Fantasy Footballers tiered-cheat-sheet style, Fantasy Life rookie notes."
QB,T4 Stream/Pair,20,Tyler Shough,New Orleans Saints,114.8,4,3,WATCH,Rookie,Monitor news,Rookie/young QB: more matchup or 2QB value than 1QB priority.,"Sharp Underdog ADP; blended with FantasyPros cheat sheet structure, Fantasy Footballers tiered-cheat-sheet style, Fantasy Life rookie notes."
QB,T4 Stream/Pair,21,Malik Willis,Miami Dolphins,128.4,3,2,NEUTRAL,Streamer,,Streamer/bench option; not a priority in shallow 1QB.,"Sharp Underdog ADP; blended with FantasyPros cheat sheet structure, Fantasy Footballers tiered-cheat-sheet style, Fantasy Life rookie notes."
QB,T4 Stream/Pair,22,Sam Darnold,Seattle Seahawks,134.4,3,2,NEUTRAL,Streamer,,Streamer/bench option; not a priority in shallow 1QB.,"Sharp Underdog ADP; blended with FantasyPros cheat sheet structure, Fantasy Footballers tiered-cheat-sheet style, Fantasy Life rookie notes."
QB,T4 Stream/Pair,23,C.J. Stroud,Houston Texans,139.3,3,2,NEUTRAL,Streamer,,Streamer/bench option; not a priority in shallow 1QB.,"Sharp Underdog ADP; blended with FantasyPros cheat sheet structure, Fantasy Footballers tiered-cheat-sheet style, Fantasy Life rookie notes."
QB,T4 Stream/Pair,24,Cam Ward,Tennessee Titans,141.1,4,3,WATCH,Rookie,Monitor news,Rookie/young QB: more matchup or 2QB value than 1QB priority.,"Sharp Underdog ADP; blended with FantasyPros cheat sheet structure, Fantasy Footballers tiered-cheat-sheet style, Fantasy Life rookie notes."
RB,T1 Elite RB Anchors,1,Bijan Robinson,Atlanta Falcons,1.5,2,5,MY_GUY,Anchor,OK near ADP,Anchor RB with workload/TD ceiling worth early capital.,"Sharp Underdog ADP; blended with FantasyPros cheat sheet structure, Fantasy Footballers tiered-cheat-sheet style, Fantasy Life rookie notes."
RB,T1 Elite RB Anchors,2,Jahmyr Gibbs,Detroit Lions,1.6,2,5,MY_GUY,Anchor,OK near ADP,Anchor RB with workload/TD ceiling worth early capital.,"Sharp Underdog ADP; blended with FantasyPros cheat sheet structure, Fantasy Footballers tiered-cheat-sheet style, Fantasy Life rookie notes."
RB,T2 RB1 Hammers,3,Jonathan Taylor,Indianapolis Colts,6.8,2,5,NEUTRAL,Core,,Anchor RB with workload/TD ceiling worth early capital.,"Sharp Underdog ADP; blended with FantasyPros cheat sheet structure, Fantasy Footballers tiered-cheat-sheet style, Fantasy Life rookie notes."
RB,T2 RB1 Hammers,4,Christian McCaffrey,San Francisco 49ers,7.2,4,5,VALUE_ONLY,Age risk,Need discount,Still elite when healthy; age/mileage pushes him below the clean young RB anchors.,"Sharp Underdog ADP; blended with FantasyPros cheat sheet structure, Fantasy Footballers tiered-cheat-sheet style, Fantasy Life rookie notes."
RB,T2 RB1 Hammers,5,James Cook,Buffalo Bills,11.3,2,5,NEUTRAL,Core,,Anchor RB with workload/TD ceiling worth early capital.,"Sharp Underdog ADP; blended with FantasyPros cheat sheet structure, Fantasy Footballers tiered-cheat-sheet style, Fantasy Life rookie notes."
RB,T2 RB1 Hammers,6,Ashton Jeanty,Las Vegas Raiders,11.6,3,5,WATCH,Rookie,Monitor news,Rookie role bet; draft only when cost matches path to touches.,"Sharp Underdog ADP; blended with FantasyPros cheat sheet structure, Fantasy Footballers tiered-cheat-sheet style, Fantasy Life rookie notes."
RB,T2 RB1 Hammers,7,De'Von Achane,Miami Dolphins,13.8,2,5,NEUTRAL,Core,,Anchor RB with workload/TD ceiling worth early capital.,"Sharp Underdog ADP; blended with FantasyPros cheat sheet structure, Fantasy Footballers tiered-cheat-sheet style, Fantasy Life rookie notes."
RB,T2 RB1 Hammers,8,Saquon Barkley,Philadelphia Eagles,14.3,3,5,MY_GUY,Target,OK near ADP,Anchor RB with workload/TD ceiling worth early capital.,"Sharp Underdog ADP; blended with FantasyPros cheat sheet structure, Fantasy Footballers tiered-cheat-sheet style, Fantasy Life rookie notes."
RB,T2 RB1 Hammers,9,Kenneth Walker III,Kansas City Chiefs,15.6,2,5,NEUTRAL,Core,,Anchor RB with workload/TD ceiling worth early capital.,"Sharp Underdog ADP; blended with FantasyPros cheat sheet structure, Fantasy Footballers tiered-cheat-sheet style, Fantasy Life rookie notes."
RB,T2 RB1 Hammers,10,Omarion Hampton,Los Angeles Chargers,16.7,3,5,WATCH,Rookie,Monitor news,Rookie role bet; draft only when cost matches path to touches.,"Sharp Underdog ADP; blended with FantasyPros cheat sheet structure, Fantasy Footballers tiered-cheat-sheet style, Fantasy Life rookie notes."
RB,T2 RB1 Hammers,11,Derrick Henry,Baltimore Ravens,18,4,5,VALUE_ONLY,Age risk,Need discount,"Ceiling remains massive in BAL, but age cliff risk is real.","Sharp Underdog ADP; blended with FantasyPros cheat sheet structure, Fantasy Footballers tiered-cheat-sheet style, Fantasy Life rookie notes."
RB,T2 RB1 Hammers,12,Chase Brown,Cincinnati Bengals,20.3,2,5,NEUTRAL,Core,,Anchor RB with workload/TD ceiling worth early capital.,"Sharp Underdog ADP; blended with FantasyPros cheat sheet structure, Fantasy Footballers tiered-cheat-sheet style, Fantasy Life rookie notes."
RB,T3 RB2 Upside,13,Jeremiyah Love,Arizona Cardinals,23.8,3,5,VALUE_ONLY,Volatile upside,Need discount,"Elite rookie capital and upside, but Arizona role/goal-line split keeps risk elevated.","Sharp Underdog ADP; blended with FantasyPros cheat sheet structure, Fantasy Footballers tiered-cheat-sheet style, Fantasy Life rookie notes."
RB,T3 RB2 Upside,14,Josh Jacobs,Green Bay Packers,26.9,2,4,NEUTRAL,Core,,Usable RB2/flex; monitor committee and receiving role.,"Sharp Underdog ADP; blended with FantasyPros cheat sheet structure, Fantasy Footballers tiered-cheat-sheet style, Fantasy Life rookie notes."
RB,T3 RB2 Upside,15,Travis Etienne Jr.,New Orleans Saints,30.8,2,4,NEUTRAL,Core,,Usable RB2/flex; monitor committee and receiving role.,"Sharp Underdog ADP; blended with FantasyPros cheat sheet structure, Fantasy Footballers tiered-cheat-sheet style, Fantasy Life rookie notes."
RB,T3 RB2 Upside,16,Breece Hall,New York Jets,32.6,2,4,NEUTRAL,Core,,Usable RB2/flex; monitor committee and receiving role.,"Sharp Underdog ADP; blended with FantasyPros cheat sheet structure, Fantasy Footballers tiered-cheat-sheet style, Fantasy Life rookie notes."
RB,T3 RB2 Upside,17,Kyren Williams,Los Angeles Rams,33.9,2,4,NEUTRAL,Core,,Usable RB2/flex; monitor committee and receiving role.,"Sharp Underdog ADP; blended with FantasyPros cheat sheet structure, Fantasy Footballers tiered-cheat-sheet style, Fantasy Life rookie notes."
RB,T3 RB2 Upside,18,Javonte Williams,Dallas Cowboys,37.7,2,4,NEUTRAL,Core,,Usable RB2/flex; monitor committee and receiving role.,"Sharp Underdog ADP; blended with FantasyPros cheat sheet structure, Fantasy Footballers tiered-cheat-sheet style, Fantasy Life rookie notes."
RB,T3 RB2 Upside,19,Bucky Irving,Tampa Bay Buccaneers,43,2,4,NEUTRAL,Core,,Usable RB2/flex; monitor committee and receiving role.,"Sharp Underdog ADP; blended with FantasyPros cheat sheet structure, Fantasy Footballers tiered-cheat-sheet style, Fantasy Life rookie notes."
RB,T3 RB2 Upside,20,TreVeyon Henderson,New England Patriots,47.4,3,5,WATCH,Rookie,Monitor news,Rookie role bet; draft only when cost matches path to touches.,"Sharp Underdog ADP; blended with FantasyPros cheat sheet structure, Fantasy Footballers tiered-cheat-sheet style, Fantasy Life rookie notes."
RB,T4 Volume/Volatile RB2,21,David Montgomery,Houston Texans,49,2,4,NEUTRAL,Core,,Usable RB2/flex; monitor committee and receiving role.,"Sharp Underdog ADP; blended with FantasyPros cheat sheet structure, Fantasy Footballers tiered-cheat-sheet style, Fantasy Life rookie notes."
RB,T4 Volume/Volatile RB2,22,Cam Skattebo,New York Giants,50.7,4,5,WATCH,Rookie,Monitor news,Rookie role bet; draft only when cost matches path to touches.,"Sharp Underdog ADP; blended with FantasyPros cheat sheet structure, Fantasy Footballers tiered-cheat-sheet style, Fantasy Life rookie notes."
RB,T4 Volume/Volatile RB2,23,Quinshon Judkins,Cleveland Browns,55,4,5,WATCH,Rookie,Monitor news,Rookie role bet; draft only when cost matches path to touches.,"Sharp Underdog ADP; blended with FantasyPros cheat sheet structure, Fantasy Footballers tiered-cheat-sheet style, Fantasy Life rookie notes."
RB,T4 Volume/Volatile RB2,24,D'Andre Swift,Chicago Bears,56.9,3,4,MY_GUY,Target,OK near ADP,Usable RB2/flex; monitor committee and receiving role.,"Sharp Underdog ADP; blended with FantasyPros cheat sheet structure, Fantasy Footballers tiered-cheat-sheet style, Fantasy Life rookie notes."
RB,T4 Volume/Volatile RB2,25,Bhayshul Tuten,Jacksonville Jaguars,57,4,5,WATCH,Rookie,Monitor news,Rookie role bet; draft only when cost matches path to touches.,"Sharp Underdog ADP; blended with FantasyPros cheat sheet structure, Fantasy Footballers tiered-cheat-sheet style, Fantasy Life rookie notes."
RB,T4 Volume/Volatile RB2,26,Jadarian Price,Seattle Seahawks,60.9,4,5,VALUE_ONLY,Rookie risk,Need discount,"First-round RB with fast-rising ADP; early role likely, receiving/short-yardage profile is the question.","Sharp Underdog ADP; blended with FantasyPros cheat sheet structure, Fantasy Footballers tiered-cheat-sheet style, Fantasy Life rookie notes."
RB,T4 Volume/Volatile RB2,27,Chuba Hubbard,Carolina Panthers,69.2,3,4,MY_GUY,Target,OK near ADP,Usable RB2/flex; monitor committee and receiving role.,"Sharp Underdog ADP; blended with FantasyPros cheat sheet structure, Fantasy Footballers tiered-cheat-sheet style, Fantasy Life rookie notes."
RB,T4 Volume/Volatile RB2,28,Rhamondre Stevenson,New England Patriots,76.3,3,4,MY_GUY,Target,OK near ADP,Usable RB2/flex; monitor committee and receiving role.,"Sharp Underdog ADP; blended with FantasyPros cheat sheet structure, Fantasy Footballers tiered-cheat-sheet style, Fantasy Life rookie notes."
RB,T4 Volume/Volatile RB2,29,RJ Harvey,Denver Broncos,78.5,3,4,MY_GUY,Target,OK near ADP,Usable RB2/flex; monitor committee and receiving role.,"Sharp Underdog ADP; blended with FantasyPros cheat sheet structure, Fantasy Footballers tiered-cheat-sheet style, Fantasy Life rookie notes."
RB,T4 Volume/Volatile RB2,30,Jaylen Warren,Pittsburgh Steelers,81.8,3,4,MY_GUY,Target,OK near ADP,Usable RB2/flex; monitor committee and receiving role.,"Sharp Underdog ADP; blended with FantasyPros cheat sheet structure, Fantasy Footballers tiered-cheat-sheet style, Fantasy Life rookie notes."
RB,T4 Volume/Volatile RB2,31,Tony Pollard,Tennessee Titans,83.1,3,4,VALUE_ONLY,Value,Need discount,ADP discount versus likely usable workload; watch rookie/committee pressure.,"Sharp Underdog ADP; blended with FantasyPros cheat sheet structure, Fantasy Footballers tiered-cheat-sheet style, Fantasy Life rookie notes."
RB,T4 Volume/Volatile RB2,32,Kyle Monangai,Chicago Bears,87,4,5,WATCH,Rookie,Monitor news,Rookie role bet; draft only when cost matches path to touches.,"Sharp Underdog ADP; blended with FantasyPros cheat sheet structure, Fantasy Footballers tiered-cheat-sheet style, Fantasy Life rookie notes."
RB,T5 Flex + Contingency,33,Rico Dowdle,Pittsburgh Steelers,90.8,3,3,NEUTRAL,Fair,,Bench RB with injury-leverage or committee path.,"Sharp Underdog ADP; blended with FantasyPros cheat sheet structure, Fantasy Footballers tiered-cheat-sheet style, Fantasy Life rookie notes."
RB,T5 Flex + Contingency,34,Blake Corum,Los Angeles Rams,98.9,3,3,NEUTRAL,Fair,,Bench RB with injury-leverage or committee path.,"Sharp Underdog ADP; blended with FantasyPros cheat sheet structure, Fantasy Footballers tiered-cheat-sheet style, Fantasy Life rookie notes."
RB,T5 Flex + Contingency,35,J.K. Dobbins,Denver Broncos,99.1,4,3,VALUE_ONLY,Risk,Need discount,Bench RB with injury-leverage or committee path.,"Sharp Underdog ADP; blended with FantasyPros cheat sheet structure, Fantasy Footballers tiered-cheat-sheet style, Fantasy Life rookie notes."
RB,T5 Flex + Contingency,36,Jacory Croskey-Merritt,Washington Commanders,109.9,4,4,WATCH,Dart,Monitor news,Cheap backfield ambiguity bet with rising ADP.,"Sharp Underdog ADP; blended with FantasyPros cheat sheet structure, Fantasy Footballers tiered-cheat-sheet style, Fantasy Life rookie notes."
RB,T5 Flex + Contingency,37,Kenneth Gainwell,Tampa Bay Buccaneers,118.3,3,3,NEUTRAL,Fair,,Bench RB with injury-leverage or committee path.,"Sharp Underdog ADP; blended with FantasyPros cheat sheet structure, Fantasy Footballers tiered-cheat-sheet style, Fantasy Life rookie notes."
RB,T5 Flex + Contingency,38,Jordan Mason,Minnesota Vikings,119.6,3,3,NEUTRAL,Fair,,Bench RB with injury-leverage or committee path.,"Sharp Underdog ADP; blended with FantasyPros cheat sheet structure, Fantasy Footballers tiered-cheat-sheet style, Fantasy Life rookie notes."
RB,T5 Flex + Contingency,39,Chris Rodriguez,Jacksonville Jaguars,120.1,3,3,NEUTRAL,Fair,,Bench RB with injury-leverage or committee path.,"Sharp Underdog ADP; blended with FantasyPros cheat sheet structure, Fantasy Footballers tiered-cheat-sheet style, Fantasy Life rookie notes."
RB,T5 Flex + Contingency,40,Rachaad White,Washington Commanders,122.3,3,3,WATCH,Dart,Monitor news,Bench RB with injury-leverage or committee path.,"Sharp Underdog ADP; blended with FantasyPros cheat sheet structure, Fantasy Footballers tiered-cheat-sheet style, Fantasy Life rookie notes."
RB,T5 Flex + Contingency,41,Aaron Jones,Minnesota Vikings,125.6,4,3,WATCH,Dart,Monitor news,Bench RB with injury-leverage or committee path.,"Sharp Underdog ADP; blended with FantasyPros cheat sheet structure, Fantasy Footballers tiered-cheat-sheet style, Fantasy Life rookie notes."
RB,T5 Flex + Contingency,42,Jonathon Brooks,Carolina Panthers,129,3,3,WATCH,Dart,Monitor news,Bench RB with injury-leverage or committee path.,"Sharp Underdog ADP; blended with FantasyPros cheat sheet structure, Fantasy Footballers tiered-cheat-sheet style, Fantasy Life rookie notes."
RB,T5 Flex + Contingency,43,Zach Charbonnet,Seattle Seahawks,137.2,3,3,WATCH,Dart,Monitor news,Bench RB with injury-leverage or committee path.,"Sharp Underdog ADP; blended with FantasyPros cheat sheet structure, Fantasy Footballers tiered-cheat-sheet style, Fantasy Life rookie notes."
RB,T5 Flex + Contingency,44,Tyrone Tracy,New York Giants,139.6,3,3,WATCH,Dart,Monitor news,Bench RB with injury-leverage or committee path.,"Sharp Underdog ADP; blended with FantasyPros cheat sheet structure, Fantasy Footballers tiered-cheat-sheet style, Fantasy Life rookie notes."
RB,T5 Flex + Contingency,45,Woody Marks,Houston Texans,144.1,4,4,WATCH,Dart,Monitor news,Late-round receiving/role upside; contingent value.,"Sharp Underdog ADP; blended with FantasyPros cheat sheet structure, Fantasy Footballers tiered-cheat-sheet style, Fantasy Life rookie notes."
RB,T6 Handcuffs/Darts,46,Jonah Coleman,Denver Broncos,146.9,4,4,WATCH,Rookie,Monitor news,Rookie role bet; draft only when cost matches path to touches.,"Sharp Underdog ADP; blended with FantasyPros cheat sheet structure, Fantasy Footballers tiered-cheat-sheet style, Fantasy Life rookie notes."
RB,T6 Handcuffs/Darts,47,Tyler Allgeier,Arizona Cardinals,147.5,3,3,WATCH,Dart,Monitor news,Bench RB with injury-leverage or committee path.,"Sharp Underdog ADP; blended with FantasyPros cheat sheet structure, Fantasy Footballers tiered-cheat-sheet style, Fantasy Life rookie notes."
RB,T6 Handcuffs/Darts,48,Keaton Mitchell,Los Angeles Chargers,149.5,3,3,WATCH,Dart,Monitor news,Bench RB with injury-leverage or committee path.,"Sharp Underdog ADP; blended with FantasyPros cheat sheet structure, Fantasy Footballers tiered-cheat-sheet style, Fantasy Life rookie notes."
RB,T6 Handcuffs/Darts,49,Tyjae Spears,Tennessee Titans,159.4,3,4,WATCH,Dart,Monitor news,Explosive bench stash if Titans backfield opens.,"Sharp Underdog ADP; blended with FantasyPros cheat sheet structure, Fantasy Footballers tiered-cheat-sheet style, Fantasy Life rookie notes."
RB,T6 Handcuffs/Darts,50,Isiah Pacheco,Detroit Lions,160.7,3,3,WATCH,Dart,Monitor news,Bench RB with injury-leverage or committee path.,"Sharp Underdog ADP; blended with FantasyPros cheat sheet structure, Fantasy Footballers tiered-cheat-sheet style, Fantasy Life rookie notes."
RB,T6 Handcuffs/Darts,51,Mike Washington,Las Vegas Raiders,164.8,4,3,WATCH,Rookie,Monitor news,Rookie role bet; draft only when cost matches path to touches.,"Sharp Underdog ADP; blended with FantasyPros cheat sheet structure, Fantasy Footballers tiered-cheat-sheet style, Fantasy Life rookie notes."
RB,T6 Handcuffs/Darts,52,Brian Robinson,Atlanta Falcons,167.2,3,3,WATCH,Dart,Monitor news,Bench RB with injury-leverage or committee path.,"Sharp Underdog ADP; blended with FantasyPros cheat sheet structure, Fantasy Footballers tiered-cheat-sheet style, Fantasy Life rookie notes."
RB,T6 Handcuffs/Darts,53,Dylan Sampson,Cleveland Browns,171.6,4,3,WATCH,Rookie,Monitor news,Rookie role bet; draft only when cost matches path to touches.,"Sharp Underdog ADP; blended with FantasyPros cheat sheet structure, Fantasy Footballers tiered-cheat-sheet style, Fantasy Life rookie notes."
RB,T6 Handcuffs/Darts,54,Braelon Allen,New York Jets,174.7,4,4,WATCH,Handcuff,Monitor news,Classic injury-leverage handcuff behind a high-value starter.,"Sharp Underdog ADP; blended with FantasyPros cheat sheet structure, Fantasy Footballers tiered-cheat-sheet style, Fantasy Life rookie notes."
RB,T6 Handcuffs/Darts,55,Nicholas Singleton,Tennessee Titans,179.2,4,3,WATCH,Rookie,Monitor news,Rookie role bet; draft only when cost matches path to touches.,"Sharp Underdog ADP; blended with FantasyPros cheat sheet structure, Fantasy Footballers tiered-cheat-sheet style, Fantasy Life rookie notes."
RB,T6 Handcuffs/Darts,56,Emmett Johnson,Kansas City Chiefs,179.5,4,3,WATCH,Rookie,Monitor news,Rookie role bet; draft only when cost matches path to touches.,"Sharp Underdog ADP; blended with FantasyPros cheat sheet structure, Fantasy Footballers tiered-cheat-sheet style, Fantasy Life rookie notes."
RB,T6 Handcuffs/Darts,57,Tank Bigsby,Philadelphia Eagles,180,3,4,WATCH,Handcuff,Monitor news,Bench RB with injury-leverage or committee path.,"Sharp Underdog ADP; blended with FantasyPros cheat sheet structure, Fantasy Footballers tiered-cheat-sheet style, Fantasy Life rookie notes."
RB,T6 Handcuffs/Darts,58,Emanuel Wilson,Seattle Seahawks,192.6,3,3,WATCH,Dart,Monitor news,Bench RB with injury-leverage or committee path.,"Sharp Underdog ADP; blended with FantasyPros cheat sheet structure, Fantasy Footballers tiered-cheat-sheet style, Fantasy Life rookie notes."
RB,T6 Handcuffs/Darts,59,Kaytron Allen,Washington Commanders,193.8,4,3,WATCH,Rookie,Monitor news,Rookie role bet; draft only when cost matches path to touches.,"Sharp Underdog ADP; blended with FantasyPros cheat sheet structure, Fantasy Footballers tiered-cheat-sheet style, Fantasy Life rookie notes."
RB,T6 Handcuffs/Darts,60,Alvin Kamara,New Orleans Saints,197.1,4,3,WATCH,Dart,Monitor news,Bench RB with injury-leverage or committee path.,"Sharp Underdog ADP; blended with FantasyPros cheat sheet structure, Fantasy Footballers tiered-cheat-sheet style, Fantasy Life rookie notes."
WR,T1 Elite WR Anchors,1,Ja'Marr Chase,Cincinnati Bengals,3.1,2,5,MY_GUY,Anchor,OK near ADP,Primary target profile; prioritize when RB board is flat.,"Sharp Underdog ADP; blended with FantasyPros cheat sheet structure, Fantasy Footballers tiered-cheat-sheet style, Fantasy Life rookie notes."
WR,T1 Elite WR Anchors,2,Puka Nacua,Los Angeles Rams,4.1,2,5,MY_GUY,Anchor,OK near ADP,Primary target profile; prioritize when RB board is flat.,"Sharp Underdog ADP; blended with FantasyPros cheat sheet structure, Fantasy Footballers tiered-cheat-sheet style, Fantasy Life rookie notes."
WR,T1 Elite WR Anchors,3,Jaxon Smith-Njigba,Seattle Seahawks,5.1,2,5,MY_GUY,Anchor,OK near ADP,Primary target profile; prioritize when RB board is flat.,"Sharp Underdog ADP; blended with FantasyPros cheat sheet structure, Fantasy Footballers tiered-cheat-sheet style, Fantasy Life rookie notes."
WR,T1 Elite WR Anchors,4,CeeDee Lamb,Dallas Cowboys,8.7,2,5,MY_GUY,Anchor,OK near ADP,Primary target profile; prioritize when RB board is flat.,"Sharp Underdog ADP; blended with FantasyPros cheat sheet structure, Fantasy Footballers tiered-cheat-sheet style, Fantasy Life rookie notes."
WR,T1 Elite WR Anchors,5,Amon-Ra St. Brown,Detroit Lions,8.7,2,5,MY_GUY,Anchor,OK near ADP,Primary target profile; prioritize when RB board is flat.,"Sharp Underdog ADP; blended with FantasyPros cheat sheet structure, Fantasy Footballers tiered-cheat-sheet style, Fantasy Life rookie notes."
WR,T1 Elite WR Anchors,6,Justin Jefferson,Minnesota Vikings,9.6,2,5,MY_GUY,Anchor,OK near ADP,Primary target profile; prioritize when RB board is flat.,"Sharp Underdog ADP; blended with FantasyPros cheat sheet structure, Fantasy Footballers tiered-cheat-sheet style, Fantasy Life rookie notes."
WR,T2 Target-Hog WR1/2,7,Malik Nabers,New York Giants,17.7,2,5,NEUTRAL,Core,,Primary target profile; prioritize when RB board is flat.,"Sharp Underdog ADP; blended with FantasyPros cheat sheet structure, Fantasy Footballers tiered-cheat-sheet style, Fantasy Life rookie notes."
WR,T2 Target-Hog WR1/2,8,Drake London,Atlanta Falcons,19.6,2,5,NEUTRAL,Core,,Primary target profile; prioritize when RB board is flat.,"Sharp Underdog ADP; blended with FantasyPros cheat sheet structure, Fantasy Footballers tiered-cheat-sheet style, Fantasy Life rookie notes."
WR,T2 Target-Hog WR1/2,9,Rashee Rice,Kansas City Chiefs,20.4,2,5,NEUTRAL,Core,,Primary target profile; prioritize when RB board is flat.,"Sharp Underdog ADP; blended with FantasyPros cheat sheet structure, Fantasy Footballers tiered-cheat-sheet style, Fantasy Life rookie notes."
WR,T2 Target-Hog WR1/2,10,George Pickens,Dallas Cowboys,25.3,2,5,NEUTRAL,Core,,Primary target profile; prioritize when RB board is flat.,"Sharp Underdog ADP; blended with FantasyPros cheat sheet structure, Fantasy Footballers tiered-cheat-sheet style, Fantasy Life rookie notes."
WR,T2 Target-Hog WR1/2,11,Nico Collins,Houston Texans,25.8,2,5,NEUTRAL,Core,,Primary target profile; prioritize when RB board is flat.,"Sharp Underdog ADP; blended with FantasyPros cheat sheet structure, Fantasy Footballers tiered-cheat-sheet style, Fantasy Life rookie notes."
WR,T2 Target-Hog WR1/2,12,A.J. Brown,Philadelphia Eagles,27.5,2,5,NEUTRAL,Core,,Primary target profile; prioritize when RB board is flat.,"Sharp Underdog ADP; blended with FantasyPros cheat sheet structure, Fantasy Footballers tiered-cheat-sheet style, Fantasy Life rookie notes."
WR,T2 Target-Hog WR1/2,13,DeVonta Smith,Philadelphia Eagles,30.4,2,5,NEUTRAL,Core,,Primary target profile; prioritize when RB board is flat.,"Sharp Underdog ADP; blended with FantasyPros cheat sheet structure, Fantasy Footballers tiered-cheat-sheet style, Fantasy Life rookie notes."
WR,T2 Target-Hog WR1/2,14,Tetairoa McMillan,Carolina Panthers,33.8,3,5,WATCH,Rookie,Monitor news,Rookie talent/role bet; QB and route share drive floor.,"Sharp Underdog ADP; blended with FantasyPros cheat sheet structure, Fantasy Footballers tiered-cheat-sheet style, Fantasy Life rookie notes."
WR,T2 Target-Hog WR1/2,15,Chris Olave,New Orleans Saints,34.7,2,5,NEUTRAL,Core,,Primary target profile; prioritize when RB board is flat.,"Sharp Underdog ADP; blended with FantasyPros cheat sheet structure, Fantasy Footballers tiered-cheat-sheet style, Fantasy Life rookie notes."
WR,T2 Target-Hog WR1/2,16,Tee Higgins,Cincinnati Bengals,35.5,2,5,NEUTRAL,Core,,Primary target profile; prioritize when RB board is flat.,"Sharp Underdog ADP; blended with FantasyPros cheat sheet structure, Fantasy Footballers tiered-cheat-sheet style, Fantasy Life rookie notes."
WR,T2 Target-Hog WR1/2,17,Garrett Wilson,New York Jets,37.7,2,5,NEUTRAL,Core,,Primary target profile; prioritize when RB board is flat.,"Sharp Underdog ADP; blended with FantasyPros cheat sheet structure, Fantasy Footballers tiered-cheat-sheet style, Fantasy Life rookie notes."
WR,T3 WR2/3 Sweet Spot,18,Zay Flowers,Baltimore Ravens,39.4,2,4,NEUTRAL,Core,,WR3/flex range; separate by target stability and offense.,"Sharp Underdog ADP; blended with FantasyPros cheat sheet structure, Fantasy Footballers tiered-cheat-sheet style, Fantasy Life rookie notes."
WR,T3 WR2/3 Sweet Spot,19,Emeka Egbuka,Tampa Bay Buccaneers,40,2,4,NEUTRAL,Core,,WR3/flex range; separate by target stability and offense.,"Sharp Underdog ADP; blended with FantasyPros cheat sheet structure, Fantasy Footballers tiered-cheat-sheet style, Fantasy Life rookie notes."
WR,T3 WR2/3 Sweet Spot,20,Ladd McConkey,Los Angeles Chargers,41.7,2,4,NEUTRAL,Core,,WR3/flex range; separate by target stability and offense.,"Sharp Underdog ADP; blended with FantasyPros cheat sheet structure, Fantasy Footballers tiered-cheat-sheet style, Fantasy Life rookie notes."
WR,T3 WR2/3 Sweet Spot,21,Luther Burden,Chicago Bears,42.5,3,5,WATCH,Rookie,Monitor news,Rookie talent/role bet; QB and route share drive floor.,"Sharp Underdog ADP; blended with FantasyPros cheat sheet structure, Fantasy Footballers tiered-cheat-sheet style, Fantasy Life rookie notes."
WR,T3 WR2/3 Sweet Spot,22,Mike Evans,San Francisco 49ers,45.4,4,4,VALUE_ONLY,Volatile,Need discount,WR3/flex range; separate by target stability and offense.,"Sharp Underdog ADP; blended with FantasyPros cheat sheet structure, Fantasy Footballers tiered-cheat-sheet style, Fantasy Life rookie notes."
WR,T3 WR2/3 Sweet Spot,23,Jameson Williams,Detroit Lions,47.5,2,4,NEUTRAL,Core,,WR3/flex range; separate by target stability and offense.,"Sharp Underdog ADP; blended with FantasyPros cheat sheet structure, Fantasy Footballers tiered-cheat-sheet style, Fantasy Life rookie notes."
WR,T3 WR2/3 Sweet Spot,24,Jaylen Waddle,Denver Broncos,48.9,2,4,NEUTRAL,Core,,WR3/flex range; separate by target stability and offense.,"Sharp Underdog ADP; blended with FantasyPros cheat sheet structure, Fantasy Footballers tiered-cheat-sheet style, Fantasy Life rookie notes."
WR,T3 WR2/3 Sweet Spot,25,Terry McLaurin,Washington Commanders,50,2,4,NEUTRAL,Core,,WR3/flex range; separate by target stability and offense.,"Sharp Underdog ADP; blended with FantasyPros cheat sheet structure, Fantasy Footballers tiered-cheat-sheet style, Fantasy Life rookie notes."
WR,T3 WR2/3 Sweet Spot,26,D.J. Moore,Buffalo Bills,51.4,3,4,MY_GUY,Target,OK near ADP,WR3/flex range; separate by target stability and offense.,"Sharp Underdog ADP; blended with FantasyPros cheat sheet structure, Fantasy Footballers tiered-cheat-sheet style, Fantasy Life rookie notes."
WR,T3 WR2/3 Sweet Spot,27,Davante Adams,Los Angeles Rams,51.8,4,4,VALUE_ONLY,Volatile,Need discount,WR3/flex range; separate by target stability and offense.,"Sharp Underdog ADP; blended with FantasyPros cheat sheet structure, Fantasy Footballers tiered-cheat-sheet style, Fantasy Life rookie notes."
WR,T3 WR2/3 Sweet Spot,28,Rome Odunze,Chicago Bears,57.1,3,4,MY_GUY,Target,OK near ADP,WR3/flex range; separate by target stability and offense.,"Sharp Underdog ADP; blended with FantasyPros cheat sheet structure, Fantasy Footballers tiered-cheat-sheet style, Fantasy Life rookie notes."
WR,T3 WR2/3 Sweet Spot,29,Christian Watson,Green Bay Packers,59.5,3,4,MY_GUY,Target,OK near ADP,WR3/flex range; separate by target stability and offense.,"Sharp Underdog ADP; blended with FantasyPros cheat sheet structure, Fantasy Footballers tiered-cheat-sheet style, Fantasy Life rookie notes."
WR,T3 WR2/3 Sweet Spot,30,Carnell Tate,Tennessee Titans,59.9,4,5,MY_GUY,Rookie target,OK near ADP,Projected Titans No. 1 option; depends on Cam Ward making a Year 2 jump.,"Sharp Underdog ADP; blended with FantasyPros cheat sheet structure, Fantasy Footballers tiered-cheat-sheet style, Fantasy Life rookie notes."
WR,T3 WR2/3 Sweet Spot,31,Jordyn Tyson,New Orleans Saints,63.8,4,5,MY_GUY,Rookie target,OK near ADP,Saints target tree could consolidate; QB/offense ceiling is the cap.,"Sharp Underdog ADP; blended with FantasyPros cheat sheet structure, Fantasy Footballers tiered-cheat-sheet style, Fantasy Life rookie notes."
WR,T3 WR2/3 Sweet Spot,32,Brian Thomas,Jacksonville Jaguars,63.9,3,4,MY_GUY,Target,OK near ADP,WR3/flex range; separate by target stability and offense.,"Sharp Underdog ADP; blended with FantasyPros cheat sheet structure, Fantasy Footballers tiered-cheat-sheet style, Fantasy Life rookie notes."
WR,T3 WR2/3 Sweet Spot,33,Marvin Harrison,Arizona Cardinals,67.2,3,4,MY_GUY,Target,OK near ADP,WR3/flex range; separate by target stability and offense.,"Sharp Underdog ADP; blended with FantasyPros cheat sheet structure, Fantasy Footballers tiered-cheat-sheet style, Fantasy Life rookie notes."
WR,T4 Flex WR3 Plateau,34,Alec Pierce,Indianapolis Colts,68.9,3,4,MY_GUY,Target,OK near ADP,WR3/flex range; separate by target stability and offense.,"Sharp Underdog ADP; blended with FantasyPros cheat sheet structure, Fantasy Footballers tiered-cheat-sheet style, Fantasy Life rookie notes."
WR,T4 Flex WR3 Plateau,35,Makai Lemon,Philadelphia Eagles,72.7,4,5,NEUTRAL,Rookie flex,,Needs Eagles passing volume/two-WR role to justify WR3 pricing.,"Sharp Underdog ADP; blended with FantasyPros cheat sheet structure, Fantasy Footballers tiered-cheat-sheet style, Fantasy Life rookie notes."
WR,T4 Flex WR3 Plateau,36,Parker Washington,Jacksonville Jaguars,73.8,3,4,MY_GUY,Target,OK near ADP,WR3/flex range; separate by target stability and offense.,"Sharp Underdog ADP; blended with FantasyPros cheat sheet structure, Fantasy Footballers tiered-cheat-sheet style, Fantasy Life rookie notes."
WR,T4 Flex WR3 Plateau,37,DK Metcalf,Pittsburgh Steelers,76.9,3,4,MY_GUY,Target,OK near ADP,WR3/flex range; separate by target stability and offense.,"Sharp Underdog ADP; blended with FantasyPros cheat sheet structure, Fantasy Footballers tiered-cheat-sheet style, Fantasy Life rookie notes."
WR,T4 Flex WR3 Plateau,38,Courtland Sutton,Denver Broncos,80.3,3,4,MY_GUY,Target,OK near ADP,WR3/flex range; separate by target stability and offense.,"Sharp Underdog ADP; blended with FantasyPros cheat sheet structure, Fantasy Footballers tiered-cheat-sheet style, Fantasy Life rookie notes."
WR,T4 Flex WR3 Plateau,39,Jordan Addison,Minnesota Vikings,80.8,3,4,MY_GUY,Target,OK near ADP,WR3/flex range; separate by target stability and offense.,"Sharp Underdog ADP; blended with FantasyPros cheat sheet structure, Fantasy Footballers tiered-cheat-sheet style, Fantasy Life rookie notes."
WR,T4 Flex WR3 Plateau,40,Michael Wilson,Arizona Cardinals,83.3,3,4,MY_GUY,Target,OK near ADP,WR3/flex range; separate by target stability and offense.,"Sharp Underdog ADP; blended with FantasyPros cheat sheet structure, Fantasy Footballers tiered-cheat-sheet style, Fantasy Life rookie notes."
WR,T4 Flex WR3 Plateau,41,Jakobi Meyers,Jacksonville Jaguars,90.7,3,4,MY_GUY,Target,OK near ADP,WR3/flex range; separate by target stability and offense.,"Sharp Underdog ADP; blended with FantasyPros cheat sheet structure, Fantasy Footballers tiered-cheat-sheet style, Fantasy Life rookie notes."
WR,T4 Flex WR3 Plateau,42,Chris Godwin,Tampa Bay Buccaneers,90.9,4,4,VALUE_ONLY,Volatile,Need discount,WR3/flex range; separate by target stability and offense.,"Sharp Underdog ADP; blended with FantasyPros cheat sheet structure, Fantasy Footballers tiered-cheat-sheet style, Fantasy Life rookie notes."
WR,T4 Flex WR3 Plateau,43,Jayden Reed,Green Bay Packers,90.9,3,4,VALUE_ONLY,Value,Need discount,ADP still leaves room for spike weeks; role volatility remains.,"Sharp Underdog ADP; blended with FantasyPros cheat sheet structure, Fantasy Footballers tiered-cheat-sheet style, Fantasy Life rookie notes."
WR,T4 Flex WR3 Plateau,44,Ricky Pearsall,San Francisco 49ers,97,3,4,MY_GUY,Target,OK near ADP,WR3/flex range; separate by target stability and offense.,"Sharp Underdog ADP; blended with FantasyPros cheat sheet structure, Fantasy Footballers tiered-cheat-sheet style, Fantasy Life rookie notes."
WR,T4 Flex WR3 Plateau,45,Romeo Doubs,New England Patriots,103.4,3,4,MY_GUY,Target,OK near ADP,WR3/flex range; separate by target stability and offense.,"Sharp Underdog ADP; blended with FantasyPros cheat sheet structure, Fantasy Footballers tiered-cheat-sheet style, Fantasy Life rookie notes."
WR,T4 Flex WR3 Plateau,46,Quentin Johnston,Los Angeles Chargers,105.8,3,4,MY_GUY,Target,OK near ADP,WR3/flex range; separate by target stability and offense.,"Sharp Underdog ADP; blended with FantasyPros cheat sheet structure, Fantasy Footballers tiered-cheat-sheet style, Fantasy Life rookie notes."
WR,T4 Flex WR3 Plateau,47,Michael Pittman Jr.,Pittsburgh Steelers,105.9,3,4,MY_GUY,Target,OK near ADP,WR3/flex range; separate by target stability and offense.,"Sharp Underdog ADP; blended with FantasyPros cheat sheet structure, Fantasy Footballers tiered-cheat-sheet style, Fantasy Life rookie notes."
WR,T4 Flex WR3 Plateau,48,Josh Downs,Indianapolis Colts,110,3,4,MY_GUY,Target,OK near ADP,WR3/flex range; separate by target stability and offense.,"Sharp Underdog ADP; blended with FantasyPros cheat sheet structure, Fantasy Footballers tiered-cheat-sheet style, Fantasy Life rookie notes."
WR,T4 Flex WR3 Plateau,49,KC Concepcion,Cleveland Browns,111.5,4,5,WATCH,Rookie,Monitor news,Rookie talent/role bet; QB and route share drive floor.,"Sharp Underdog ADP; blended with FantasyPros cheat sheet structure, Fantasy Footballers tiered-cheat-sheet style, Fantasy Life rookie notes."
WR,T4 Flex WR3 Plateau,50,Matthew Golden,Green Bay Packers,111.9,4,5,WATCH,Rookie,Monitor news,Rookie talent/role bet; QB and route share drive floor.,"Sharp Underdog ADP; blended with FantasyPros cheat sheet structure, Fantasy Footballers tiered-cheat-sheet style, Fantasy Life rookie notes."
WR,T4 Flex WR3 Plateau,51,Wan'Dale Robinson,Tennessee Titans,111.9,3,4,MY_GUY,Target,OK near ADP,WR3/flex range; separate by target stability and offense.,"Sharp Underdog ADP; blended with FantasyPros cheat sheet structure, Fantasy Footballers tiered-cheat-sheet style, Fantasy Life rookie notes."
WR,T4 Flex WR3 Plateau,52,Xavier Worthy,Kansas City Chiefs,115.2,3,4,MY_GUY,Target,OK near ADP,WR3/flex range; separate by target stability and offense.,"Sharp Underdog ADP; blended with FantasyPros cheat sheet structure, Fantasy Footballers tiered-cheat-sheet style, Fantasy Life rookie notes."
WR,T4 Flex WR3 Plateau,53,Jayden Higgins,Houston Texans,123.9,4,5,WATCH,Rookie,Monitor news,Rookie talent/role bet; QB and route share drive floor.,"Sharp Underdog ADP; blended with FantasyPros cheat sheet structure, Fantasy Footballers tiered-cheat-sheet style, Fantasy Life rookie notes."
WR,T4 Flex WR3 Plateau,54,Jalen Coker,Carolina Panthers,126.9,3,4,MY_GUY,Target,OK near ADP,WR3/flex range; separate by target stability and offense.,"Sharp Underdog ADP; blended with FantasyPros cheat sheet structure, Fantasy Footballers tiered-cheat-sheet style, Fantasy Life rookie notes."
WR,T4 Flex WR3 Plateau,55,Khalil Shakir,Buffalo Bills,127.2,3,4,MY_GUY,Target,OK near ADP,WR3/flex range; separate by target stability and offense.,"Sharp Underdog ADP; blended with FantasyPros cheat sheet structure, Fantasy Footballers tiered-cheat-sheet style, Fantasy Life rookie notes."
WR,T5 Late WR Darts,56,Omar Cooper,New York Jets,134.3,4,4,WATCH,Rookie,Monitor news,Rookie talent/role bet; QB and route share drive floor.,"Sharp Underdog ADP; blended with FantasyPros cheat sheet structure, Fantasy Footballers tiered-cheat-sheet style, Fantasy Life rookie notes."
WR,T5 Late WR Darts,57,Jalen McMillan,Tampa Bay Buccaneers,138.2,3,3,NEUTRAL,Fair,,Late WR dart; ceiling depends on route growth or depth-chart movement.,"Sharp Underdog ADP; blended with FantasyPros cheat sheet structure, Fantasy Footballers tiered-cheat-sheet style, Fantasy Life rookie notes."
WR,T5 Late WR Darts,58,Rashid Shaheed,Seattle Seahawks,140,3,3,NEUTRAL,Fair,,Late WR dart; ceiling depends on route growth or depth-chart movement.,"Sharp Underdog ADP; blended with FantasyPros cheat sheet structure, Fantasy Footballers tiered-cheat-sheet style, Fantasy Life rookie notes."
WR,T5 Late WR Darts,59,Jauan Jennings,Free Agent,149.4,5,2,NEUTRAL,Hold/FA,,Do not force before landing spot/role is clarified.,"Sharp Underdog ADP; blended with FantasyPros cheat sheet structure, Fantasy Footballers tiered-cheat-sheet style, Fantasy Life rookie notes."
WR,T5 Late WR Darts,60,Denzel Boston,Cleveland Browns,149.5,4,4,WATCH,Rookie,Monitor news,Rookie talent/role bet; QB and route share drive floor.,"Sharp Underdog ADP; blended with FantasyPros cheat sheet structure, Fantasy Footballers tiered-cheat-sheet style, Fantasy Life rookie notes."
WR,T5 Late WR Darts,61,Brandon Aiyuk,San Francisco 49ers,155.7,4,3,VALUE_ONLY,Health risk,Need discount,Late WR dart; ceiling depends on route growth or depth-chart movement.,"Sharp Underdog ADP; blended with FantasyPros cheat sheet structure, Fantasy Footballers tiered-cheat-sheet style, Fantasy Life rookie notes."
WR,T5 Late WR Darts,62,Stefon Diggs,Free Agent,156.4,5,2,NEUTRAL,Hold/FA,,Do not force before landing spot/role is clarified.,"Sharp Underdog ADP; blended with FantasyPros cheat sheet structure, Fantasy Footballers tiered-cheat-sheet style, Fantasy Life rookie notes."
WR,T5 Late WR Darts,63,Travis Hunter,Jacksonville Jaguars,159.7,4,3,WATCH,Rookie,Monitor news,Rookie talent/role bet; QB and route share drive floor.,"Sharp Underdog ADP; blended with FantasyPros cheat sheet structure, Fantasy Footballers tiered-cheat-sheet style, Fantasy Life rookie notes."
WR,T5 Late WR Darts,64,Jalen Nailor,Las Vegas Raiders,160,3,3,NEUTRAL,Fair,,Late WR dart; ceiling depends on route growth or depth-chart movement.,"Sharp Underdog ADP; blended with FantasyPros cheat sheet structure, Fantasy Footballers tiered-cheat-sheet style, Fantasy Life rookie notes."
WR,T5 Late WR Darts,65,Isaac TeSlaa,Detroit Lions,166.6,3,3,NEUTRAL,Fair,,Late WR dart; ceiling depends on route growth or depth-chart movement.,"Sharp Underdog ADP; blended with FantasyPros cheat sheet structure, Fantasy Footballers tiered-cheat-sheet style, Fantasy Life rookie notes."
WR,T5 Late WR Darts,66,Jerry Jeudy,Cleveland Browns,170.4,3,3,NEUTRAL,Fair,,Late WR dart; ceiling depends on route growth or depth-chart movement.,"Sharp Underdog ADP; blended with FantasyPros cheat sheet structure, Fantasy Footballers tiered-cheat-sheet style, Fantasy Life rookie notes."
WR,T5 Late WR Darts,67,Deebo Samuel,Free Agent,171,5,2,NEUTRAL,Hold/FA,,Do not force before landing spot/role is clarified.,"Sharp Underdog ADP; blended with FantasyPros cheat sheet structure, Fantasy Footballers tiered-cheat-sheet style, Fantasy Life rookie notes."
WR,T5 Late WR Darts,68,Tre Tucker,Las Vegas Raiders,174.1,3,3,WATCH,Dart,Monitor news,Late speed/role dart with rising market interest.,"Sharp Underdog ADP; blended with FantasyPros cheat sheet structure, Fantasy Footballers tiered-cheat-sheet style, Fantasy Life rookie notes."
WR,T5 Late WR Darts,69,Calvin Ridley,Tennessee Titans,175,3,3,NEUTRAL,Fair,,Late WR dart; ceiling depends on route growth or depth-chart movement.,"Sharp Underdog ADP; blended with FantasyPros cheat sheet structure, Fantasy Footballers tiered-cheat-sheet style, Fantasy Life rookie notes."
WR,T5 Late WR Darts,70,Tre' Harris,Los Angeles Chargers,177.3,3,3,NEUTRAL,Fair,,Late WR dart; ceiling depends on route growth or depth-chart movement.,"Sharp Underdog ADP; blended with FantasyPros cheat sheet structure, Fantasy Footballers tiered-cheat-sheet style, Fantasy Life rookie notes."
WR,T5 Late WR Darts,71,Tyreek Hill,Free Agent,182.1,5,2,NEUTRAL,Hold/FA,,Do not force before landing spot/role is clarified.,"Sharp Underdog ADP; blended with FantasyPros cheat sheet structure, Fantasy Footballers tiered-cheat-sheet style, Fantasy Life rookie notes."
WR,T5 Late WR Darts,72,De'Zhaun Stribling,San Francisco 49ers,185,4,3,WATCH,Rookie,Monitor news,Rookie talent/role bet; QB and route share drive floor.,"Sharp Underdog ADP; blended with FantasyPros cheat sheet structure, Fantasy Footballers tiered-cheat-sheet style, Fantasy Life rookie notes."
WR,T5 Late WR Darts,73,Germie Bernard,Pittsburgh Steelers,185.3,4,3,WATCH,Rookie,Monitor news,Rookie talent/role bet; QB and route share drive floor.,"Sharp Underdog ADP; blended with FantasyPros cheat sheet structure, Fantasy Footballers tiered-cheat-sheet style, Fantasy Life rookie notes."
WR,T5 Late WR Darts,74,Antonio Williams,Washington Commanders,188.5,4,3,WATCH,Rookie,Monitor news,Rookie talent/role bet; QB and route share drive floor.,"Sharp Underdog ADP; blended with FantasyPros cheat sheet structure, Fantasy Footballers tiered-cheat-sheet style, Fantasy Life rookie notes."
WR,T5 Late WR Darts,75,Dontayvion Wicks,Philadelphia Eagles,189.3,3,3,NEUTRAL,Fair,,Late WR dart; ceiling depends on route growth or depth-chart movement.,"Sharp Underdog ADP; blended with FantasyPros cheat sheet structure, Fantasy Footballers tiered-cheat-sheet style, Fantasy Life rookie notes."
WR,T5 Late WR Darts,76,Kayshon Boutte,New England Patriots,189.5,3,3,NEUTRAL,Fair,,Late WR dart; ceiling depends on route growth or depth-chart movement.,"Sharp Underdog ADP; blended with FantasyPros cheat sheet structure, Fantasy Footballers tiered-cheat-sheet style, Fantasy Life rookie notes."
WR,T5 Late WR Darts,77,Malik Washington,Miami Dolphins,192.3,3,3,NEUTRAL,Fair,,Late WR dart; ceiling depends on route growth or depth-chart movement.,"Sharp Underdog ADP; blended with FantasyPros cheat sheet structure, Fantasy Footballers tiered-cheat-sheet style, Fantasy Life rookie notes."
WR,T5 Late WR Darts,78,Adonai Mitchell,New York Jets,193.5,3,3,NEUTRAL,Fair,,Late WR dart; ceiling depends on route growth or depth-chart movement.,"Sharp Underdog ADP; blended with FantasyPros cheat sheet structure, Fantasy Footballers tiered-cheat-sheet style, Fantasy Life rookie notes."
WR,T5 Late WR Darts,79,Tank Dell,Houston Texans,195,4,3,VALUE_ONLY,Risk,Need discount,Late WR dart; ceiling depends on route growth or depth-chart movement.,"Sharp Underdog ADP; blended with FantasyPros cheat sheet structure, Fantasy Footballers tiered-cheat-sheet style, Fantasy Life rookie notes."
WR,T5 Late WR Darts,80,Christian Kirk,San Francisco 49ers,199.4,3,3,NEUTRAL,Fair,,Late WR dart; ceiling depends on route growth or depth-chart movement.,"Sharp Underdog ADP; blended with FantasyPros cheat sheet structure, Fantasy Footballers tiered-cheat-sheet style, Fantasy Life rookie notes."
TE,T1 Elite TE Edge,1,Trey McBride,Arizona Cardinals,22.4,2,5,MY_GUY,TE edge,OK near ADP,"Elite TE volume profile, but offense/QB context keeps him just shy of slam-dunk WR/RB anchors.","Sharp Underdog ADP; blended with FantasyPros cheat sheet structure, Fantasy Footballers tiered-cheat-sheet style, Fantasy Life rookie notes."
TE,T1 Elite TE Edge,2,Brock Bowers,Las Vegas Raiders,22.6,2,5,MY_GUY,TE edge,OK near ADP,Premium target share at a scarce position; usable as a Round 2/3 hammer.,"Sharp Underdog ADP; blended with FantasyPros cheat sheet structure, Fantasy Footballers tiered-cheat-sheet style, Fantasy Life rookie notes."
TE,T2 Early TE Edge,3,Colston Loveland,Chicago Bears,45.9,3,5,MY_GUY,TE edge,OK near ADP,Rookie TE with long-term upside; redraft patience required.,"Sharp Underdog ADP; blended with FantasyPros cheat sheet structure, Fantasy Footballers tiered-cheat-sheet style, Fantasy Life rookie notes."
TE,T2 Early TE Edge,4,Tyler Warren,Indianapolis Colts,69,4,5,MY_GUY,TE edge,OK near ADP,Rookie TE with long-term upside; redraft patience required.,"Sharp Underdog ADP; blended with FantasyPros cheat sheet structure, Fantasy Footballers tiered-cheat-sheet style, Fantasy Life rookie notes."
TE,T3 Upside TE1s,5,Tucker Kraft,Green Bay Packers,84.4,3,4,MY_GUY,Target,OK near ADP,Playable TE tier; avoid overpaying into a flat range.,"Sharp Underdog ADP; blended with FantasyPros cheat sheet structure, Fantasy Footballers tiered-cheat-sheet style, Fantasy Life rookie notes."
TE,T3 Upside TE1s,6,Harold Fannin,Cleveland Browns,87.1,4,5,WATCH,Rookie,Monitor news,Rookie TE with long-term upside; redraft patience required.,"Sharp Underdog ADP; blended with FantasyPros cheat sheet structure, Fantasy Footballers tiered-cheat-sheet style, Fantasy Life rookie notes."
TE,T3 Upside TE1s,7,Kyle Pitts,Atlanta Falcons,101,3,4,MY_GUY,Target,OK near ADP,Playable TE tier; avoid overpaying into a flat range.,"Sharp Underdog ADP; blended with FantasyPros cheat sheet structure, Fantasy Footballers tiered-cheat-sheet style, Fantasy Life rookie notes."
TE,T3 Upside TE1s,8,Sam LaPorta,Detroit Lions,102.3,3,4,MY_GUY,Target,OK near ADP,Playable TE tier; avoid overpaying into a flat range.,"Sharp Underdog ADP; blended with FantasyPros cheat sheet structure, Fantasy Footballers tiered-cheat-sheet style, Fantasy Life rookie notes."
TE,T4 TE1/TE2 Plateau,9,Oronde Gadsden,Los Angeles Chargers,116,4,5,WATCH,Rookie,Monitor news,Rookie TE with long-term upside; redraft patience required.,"Sharp Underdog ADP; blended with FantasyPros cheat sheet structure, Fantasy Footballers tiered-cheat-sheet style, Fantasy Life rookie notes."
TE,T4 TE1/TE2 Plateau,10,George Kittle,San Francisco 49ers,117.8,4,4,VALUE_ONLY,Health risk,Need discount,"Elite per-route ability, but injury/age risk makes him a price-sensitive pick.","Sharp Underdog ADP; blended with FantasyPros cheat sheet structure, Fantasy Footballers tiered-cheat-sheet style, Fantasy Life rookie notes."
TE,T4 TE1/TE2 Plateau,11,Jake Ferguson,Dallas Cowboys,125.4,3,4,MY_GUY,Target,OK near ADP,Playable TE tier; avoid overpaying into a flat range.,"Sharp Underdog ADP; blended with FantasyPros cheat sheet structure, Fantasy Footballers tiered-cheat-sheet style, Fantasy Life rookie notes."
TE,T4 TE1/TE2 Plateau,12,Travis Kelce,Kansas City Chiefs,127.6,4,4,VALUE_ONLY,Age risk,Need discount,Late TE1 if price falls; no longer a premium advantage target.,"Sharp Underdog ADP; blended with FantasyPros cheat sheet structure, Fantasy Footballers tiered-cheat-sheet style, Fantasy Life rookie notes."
TE,T4 TE1/TE2 Plateau,13,Dalton Kincaid,Buffalo Bills,132.5,3,4,MY_GUY,Target,OK near ADP,Playable TE tier; avoid overpaying into a flat range.,"Sharp Underdog ADP; blended with FantasyPros cheat sheet structure, Fantasy Footballers tiered-cheat-sheet style, Fantasy Life rookie notes."
TE,T4 TE1/TE2 Plateau,14,Dallas Goedert,Philadelphia Eagles,135.4,3,4,MY_GUY,Target,OK near ADP,Playable TE tier; avoid overpaying into a flat range.,"Sharp Underdog ADP; blended with FantasyPros cheat sheet structure, Fantasy Footballers tiered-cheat-sheet style, Fantasy Life rookie notes."
TE,T4 TE1/TE2 Plateau,15,Isaiah Likely,New York Giants,136.7,3,4,MY_GUY,Target,OK near ADP,Playable TE tier; avoid overpaying into a flat range.,"Sharp Underdog ADP; blended with FantasyPros cheat sheet structure, Fantasy Footballers tiered-cheat-sheet style, Fantasy Life rookie notes."
TE,T4 TE1/TE2 Plateau,16,Mark Andrews,Baltimore Ravens,137.2,4,4,VALUE_ONLY,Volatile,Need discount,Playable TE tier; avoid overpaying into a flat range.,"Sharp Underdog ADP; blended with FantasyPros cheat sheet structure, Fantasy Footballers tiered-cheat-sheet style, Fantasy Life rookie notes."
TE,T4 TE1/TE2 Plateau,17,Kenyon Sadiq,New York Jets,143.7,4,5,WATCH,Late TE,Monitor news,"Round 1 TE capital, but rookie TE + crowded Jets target tree creates volatility.","Sharp Underdog ADP; blended with FantasyPros cheat sheet structure, Fantasy Footballers tiered-cheat-sheet style, Fantasy Life rookie notes."
TE,T5 Late Streamers,18,Brenton Strange,Jacksonville Jaguars,151.9,3,3,WATCH,Wait TE,Monitor news,Late TE streamer; pair with another upside option if needed.,"Sharp Underdog ADP; blended with FantasyPros cheat sheet structure, Fantasy Footballers tiered-cheat-sheet style, Fantasy Life rookie notes."
TE,T5 Late Streamers,19,Juwan Johnson,New Orleans Saints,154.1,3,3,WATCH,Wait TE,Monitor news,Late TE streamer; pair with another upside option if needed.,"Sharp Underdog ADP; blended with FantasyPros cheat sheet structure, Fantasy Footballers tiered-cheat-sheet style, Fantasy Life rookie notes."
TE,T5 Late Streamers,20,Hunter Henry,New England Patriots,155.6,3,3,WATCH,Wait TE,Monitor news,Late TE streamer; pair with another upside option if needed.,"Sharp Underdog ADP; blended with FantasyPros cheat sheet structure, Fantasy Footballers tiered-cheat-sheet style, Fantasy Life rookie notes."
TE,T5 Late Streamers,21,Chig Okonkwo,Washington Commanders,156.9,3,3,WATCH,Wait TE,Monitor news,Late TE streamer; pair with another upside option if needed.,"Sharp Underdog ADP; blended with FantasyPros cheat sheet structure, Fantasy Footballers tiered-cheat-sheet style, Fantasy Life rookie notes."
TE,T5 Late Streamers,22,T.J. Hockenson,Minnesota Vikings,163.6,4,3,WATCH,Wait TE,Monitor news,Late TE streamer; pair with another upside option if needed.,"Sharp Underdog ADP; blended with FantasyPros cheat sheet structure, Fantasy Footballers tiered-cheat-sheet style, Fantasy Life rookie notes."
TE,T5 Late Streamers,23,AJ Barner,Seattle Seahawks,171.9,3,3,WATCH,Wait TE,Monitor news,Late TE streamer; pair with another upside option if needed.,"Sharp Underdog ADP; blended with FantasyPros cheat sheet structure, Fantasy Footballers tiered-cheat-sheet style, Fantasy Life rookie notes."
TE,T5 Late Streamers,24,Dalton Schultz,Houston Texans,173.9,3,3,WATCH,Wait TE,Monitor news,Late TE streamer; pair with another upside option if needed.,"Sharp Underdog ADP; blended with FantasyPros cheat sheet structure, Fantasy Footballers tiered-cheat-sheet style, Fantasy Life rookie notes."
TE,T5 Late Streamers,25,Eli Stowers,Philadelphia Eagles,182.5,4,3,WATCH,Rookie,Monitor news,Rookie TE with long-term upside; redraft patience required.,"Sharp Underdog ADP; blended with FantasyPros cheat sheet structure, Fantasy Footballers tiered-cheat-sheet style, Fantasy Life rookie notes."
TE,T5 Late Streamers,26,Gunnar Helm,Tennessee Titans,184.4,4,3,WATCH,Rookie,Monitor news,Rookie TE with long-term upside; redraft patience required.,"Sharp Underdog ADP; blended with FantasyPros cheat sheet structure, Fantasy Footballers tiered-cheat-sheet style, Fantasy Life rookie notes."
TE,T5 Late Streamers,27,Cade Otton,Tampa Bay Buccaneers,189,3,3,WATCH,Wait TE,Monitor news,Late TE streamer; pair with another upside option if needed.,"Sharp Underdog ADP; blended with FantasyPros cheat sheet structure, Fantasy Footballers tiered-cheat-sheet style, Fantasy Life rookie notes."
TE,T5 Late Streamers,28,Pat Freiermuth,Pittsburgh Steelers,197.6,3,3,WATCH,Wait TE,Monitor news,Late TE streamer; pair with another upside option if needed.,"Sharp Underdog ADP; blended with FantasyPros cheat sheet structure, Fantasy Footballers tiered-cheat-sheet style, Fantasy Life rookie notes."
TE,T5 Late Streamers,29,David Njoku,Free Agent,201.5,5,2,NEUTRAL,Hold/FA,,Do not force before landing spot/role is clarified.,"Sharp Underdog ADP; blended with FantasyPros cheat sheet structure, Fantasy Footballers tiered-cheat-sheet style, Fantasy Life rookie notes."
